DBN,How good is principal?
27Q045,0.13597919
05M133,0.132960758
30Q148,0.188285153
08X530,0.154558769
07X385,0.172711274
03M485,0.170034824
02M625,0.120290736
29Q327,0.143481322
28Q680,0.197398357
84X393,0.258993023
84K359,0.105728177
17K399,0.163732133
03M494,0.19418891
27Q106,0.181791643
30Q127,0.228573814
01M539,0.223565062
12X196,0.159028104
10X095,0.1623449
11X111,0.231810277
84K739,0.287083155
26Q186,0.285457597
08X405,0.208275993
11X418,0.205907064
12X372,0.242547886
84K742,0.317559705
30Q070,0.206110908
31R003,0.282890934
29Q496,0.26874779
30Q445,0.199840916
24Q087,0.227480613
15K169,0.27813302
30Q286,0.323537355
08X467,0.264872052
08X376,0.192669081
02M520,0.223592778
04M182,0.301926944
15K519,0.289992191
25Q460,0.264395247
11X544,0.244004908
19K345,0.237571374
06M173,0.257442054
22K535,0.253890632
09X163,0.272599779
02M630,0.268253051
03M242,0.264455952
11X288,0.348540956
08X123,0.309342654
25Q165,0.302279721
07X547,0.211156708
19K149,0.280924991
04M146,0.294373764
03M087,0.284750269
25Q540,0.343712239
75Q009,0.268351429
10X091,0.293401882
25Q242,0.385142719
02M655,0.313624168
19K659,0.348133832
84K791,0.179961526
10X237,0.271438729
27Q475,0.297516011
12X314,0.313687674
15K001,0.263077417
09X232,0.373330198
29Q135,0.348985925
09X339,0.287243167
22K405,0.301046141
27Q043,0.328472485
24Q485,0.303114182
10X024,0.389723564
11X108,0.305038172
22K269,0.307950735
04M108,0.313622601
10X546,0.417752235
30Q580,0.337460361
84K780,0.223201393
84K969,0.223201393
27Q282,0.349256333
19K306,0.361925279
21K281,0.367251702
27Q097,0.358405546
16K498,0.311648094
27Q226,0.346666225
12X061,0.293613698
14K250,0.272944414
14K126,0.385788078
84M482,0.222983394
01M020,0.369048715
17K061,0.318493055
06M348,0.341506585
84Q341,0.342950232
24Q058,0.389935831
75M094,0.312894712
30Q150,0.364126575
02M347,0.413991866
12X092,0.337351278
09X412,0.414154239
19K202,0.343018334
75X176,0.293813534
12X044,0.417725993
30Q152,0.278806629
03M163,0.415251929
75M138,0.317669294
12X521,0.312067892
28Q082,0.405073158
18K244,0.3177648
27Q183,0.379800013
29Q147,0.344349764
75R373,0.303109563
09X132,0.378870076
84K790,0.281499621
01M184,0.40761724
84K395,0.365778948
08X182,0.398896351
10X020,0.323702287
02M551,0.394477526
25Q107,0.37615581
29Q248,0.245305908
05M123,0.336903481
75K141,0.322765849
31R078,0.263921342
14K478,0.346893895
22K139,0.394897025
02M234,0.392929689
75X012,0.357581122
75K077,0.357808304
19K007,0.40599499
10X368,0.414087878
19K190,0.407101792
75M079,0.303845115
32K116,0.418872604
84K803,0.395129331
22K152,0.357297207
17K590,0.274637691
15K261,0.345529717
75Q023,0.32106896
11X097,0.381357226
84K731,0.338631168
08X367,0.407974692
09X229,0.42214912
84M483,0.406192952
75K370,0.403602422
13K282,0.336906974
02M460,0.330474293
10X445,0.306836214
07X500,0.352246833
24Q143,0.423706782
25Q020,0.309941337
17K181,0.317368788
06M463,0.420216659
29Q268,0.379669378
27Q306,0.432195604
13K430,0.404167436
84Q340,0.489934185
21K690,0.392745165
06M192,0.452071838
84X554,0.390224203
26Q172,0.371937152
28Q080,0.414168829
30Q085,0.369123518
28Q174,0.390984431
19K224,0.320558021
10X524,0.384136322
02M124,0.472487601
05M194,0.39772627
12X217,0.3794025
02M414,0.430479956
02M533,0.442062393
28Q354,0.497580456
84X464,0.275597511
09X028,0.398972706
13K305,0.377499341
84K386,0.408342458
07X600,0.331197363
08X333,0.475913119
08X432,0.460163218
08X152,0.36338636
01M034,0.386037842
24Q296,0.419730965
07X223,0.457506132
15K462,0.377376975
09X109,0.502294372
75M811,0.337460696
24Q330,0.358721505
16K005,0.327883495
12X480,0.40452501
32K403,0.497450779
75X811,0.361361221
17K600,0.454159208
11X068,0.416518558
31R022,0.459221027
31R074,0.373555485
09X145,0.370459108
18K211,0.377244314
75X352,0.353540243
84Q170,0.377311365
84Q706,0.36055711
84Q339,0.379886734
27Q351,0.413250059
06M223,0.394406049
19K661,0.388219939
15K429,0.459755072
18K589,0.414827715
18K135,0.415596636
07X473,0.518803419
84K769,0.462179621
24Q061,0.363742965
84K608,0.333875177
10X045,0.361019024
20K205,0.395734524
04M102,0.455728621
10X459,0.434552491
84K710,0.346779853
30Q575,0.43471735
10X080,0.428910615
31R018,0.426070531
12X066,0.457682396
75Q075,0.359768878
19K213,0.489833802
05M285,0.525571895
05M302,0.473727543
75X754,0.415920988
75X186,0.32764541
14K050,0.480464433
32K545,0.40663974
84M170,0.41016052
02M111,0.433377264
10X504,0.39753252
03M403,0.440278101
84K730,0.378605733
18K569,0.400332595
02M529,0.476692834
84M385,0.354166069
04M372,0.43053286
05M036,0.384361031
17K533,0.454120747
10X306,0.487330822
84K782,0.419140489
15K656,0.510727765
12X248,0.423844404
02M393,0.443923314
15K676,0.404153168
10X308,0.538011696
20K163,0.326679717
07X551,0.504933502
84M726,0.33931081
08X424,0.44546977
14K610,0.473769941
02M158,0.396155107
06M005,0.498929301
26Q415,0.382430962
24Q110,0.488040948
84K125,0.337513274
15K088,0.425612293
25Q164,0.432694321
10X246,0.439685189
29Q118,0.469176982
16K243,0.478576738
23K327,0.472639477
84M085,0.497548889
10X440,0.451104702
26Q115,0.447912984
24Q091,0.374492933
06M311,0.45837306
31R036,0.465081325
09X231,0.42580697
18K219,0.408968815
02M002,0.47934825
15K024,0.544657072
24Q007,0.454391636
17K352,0.464218857
02M225,0.48325961
02M198,0.474465905
28Q440,0.431737466
08X302,0.410875276
05M362,0.37789415
03M149,0.43561145
14K322,0.478266925
09X525,0.499936913
84Q321,0.456523122
06M468,0.553888889
12X006,0.467240434
19K290,0.402270271
12X211,0.496179016
75M035,0.454756099
12X067,0.468125325
02M260,0.471386894
05M286,0.481974421
17K382,0.503860375
84K788,0.320957934
26Q026,0.510056846
02M422,0.498254456
22K495,0.436370786
75K004,0.42631037
84K626,0.37494758
02M545,0.505997216
09X114,0.379522604
75X168,0.475160398
01M110,0.497655322
06M326,0.458823685
21K329,0.482059276
15K124,0.529162589
08X282,0.384551904
75Q752,0.466682723
13K350,0.473646844
09X350,0.562962963
28Q310,0.516409018
84M279,0.525685345
02M438,0.462013948
29Q492,0.448523495
10X118,0.431230797
08X559,0.409454804
05M499,0.427856227
06M098,0.505064495
75K231,0.551140169
06M368,0.470238726
29Q134,0.449929524
09X055,0.439999985
09X219,0.516586658
84X309,0.415187694
25Q219,0.422588576
06M048,0.458746733
75K140,0.438117626
26Q067,0.452838552
18K279,0.449339672
01M839,0.483648052
09X199,0.460066714
09X543,0.546437574
75K396,0.398225766
02M394,0.56984127
26Q566,0.5316754
13K670,0.421077399
03M860,0.500578362
09X443,0.40645227
12X251,0.471204873
24Q585,0.471293462
84K777,0.385325326
05M129,0.425642262
29Q295,0.523951367
28Q050,0.437008559
11X272,0.521242966
27Q210,0.44799253
28Q687,0.430092606
01M137,0.462623686
19K214,0.459541706
15K010,0.449648659
09X126,0.481465386
03M299,0.575836526
22K193,0.562467628
19K013,0.538612108
09X325,0.507025662
04M050,0.516902858
02M543,0.551238123
03M084,0.445510145
17K539,0.487581847
08X320,0.560872245
11X105,0.549994089
75X017,0.544024847
05M514,0.523298341
30Q204,0.557959292
84M353,0.490762324
03M479,0.484962724
09X110,0.481729246
04M497,0.499134454
84X465,0.464614724
06M218,0.485776753
27Q100,0.465071383
22K251,0.536329452
24Q128,0.409776014
31R006,0.514697045
19K502,0.553814801
11X514,0.445149836
04M007,0.448970937
09X313,0.52887343
09X035,0.453016679
15K029,0.467944281
06M004,0.485816995
84M386,0.391221774
84Q704,0.395366523
13K093,0.497336118
84M284,0.465501403
18K272,0.49458732
75X188,0.508759082
84K648,0.399075957
12X692,0.499110734
15K667,0.539551823
15K039,0.592592593
23K401,0.581088835
23K518,0.493460392
27Q060,0.434491275
13K113,0.547337834
16K594,0.575743292
75K721,0.504451238
32K383,0.438812199
04M057,0.450287255
11X127,0.398990789
16K455,0.497824039
17K012,0.443026861
25Q499,0.525545082
28Q175,0.465967252
18K629,0.583112772
17K489,0.51608338
84K793,0.59640592
84Q705,0.566572673
13K674,0.597222222
84M522,0.560409303
31R054,0.597675737
19K089,0.597777778
13K011,0.453158449
27Q260,0.561097974
28Q008,0.521839153
19K325,0.438064612
12X446,0.598611111
75M169,0.483865127
10X660,0.543143012
24Q014,0.48115704
28Q182,0.488581541
84K704,0.588403023
84K649,0.569853517
02M416,0.600694444
23K041,0.466711262
84X461,0.600823045
03M165,0.544394955
18K276,0.531265336
06M152,0.48569864
31R013,0.428429553
17K524,0.601505376
29Q035,0.567561409
17K722,0.500290294
27Q114,0.555524511
30Q017,0.483645342
02M475,0.585148361
18K617,0.603743961
20K200,0.505909229
09X403,0.576353706
13K265,0.450317176
10X390,0.495690369
10X226,0.527910875
30Q171,0.496436891
75K369,0.496676369
84M861,0.552542263
07X157,0.511588502
21K303,0.539325954
84K355,0.409549444
12X550,0.573264249
02M550,0.50541272
02M374,0.557585288
12X684,0.530669159
11X178,0.570964027
08X448,0.596544909
03M166,0.608888889
01M345,0.513668131
28Q072,0.56208821
29Q326,0.609661836
09X004,0.581650189
31R450,0.542799476
10X434,0.500880472
08X119,0.489994438
07X520,0.589804347
02M459,0.554950227
10X213,0.520414184
31R016,0.498961709
10X085,0.524295596
29Q192,0.425172473
17K544,0.549890571
03M333,0.518409682
84Q083,0.60245505
09X252,0.603078641
25Q154,0.485825573
11X265,0.596813283
11X545,0.547300669
12X478,0.584239356
84M068,0.442937452
10X009,0.607234404
22K425,0.422695414
27Q400,0.494626815
84M707,0.397096042
30Q076,0.579191722
31R455,0.583256387
10X284,0.51780491
02M312,0.556579293
11X076,0.58350877
24Q068,0.55365304
19K218,0.536591534
12X195,0.507634715
02M001,0.551098089
09X564,0.619883041
06M293,0.599451
17K241,0.505803354
84X200,0.580066344
20K445,0.538833503
09X323,0.583546112
11X455,0.455570578
18K366,0.601012219
20K186,0.525647994
75K372,0.439822443
17K397,0.584940571
13K008,0.499788602
02M413,0.480958547
06M325,0.541029528
25Q024,0.59574474
02M033,0.515685681
29Q494,0.53402218
18K068,0.572530669
29Q034,0.477544007
10X360,0.606457644
22K361,0.482168906
13K287,0.497968875
09X088,0.520950746
10X141,0.578161816
31R064,0.521872783
06M322,0.627609428
07X049,0.561793297
84X347,0.463904237
84X124,0.511063516
19K615,0.596393997
09X218,0.552073524
03M245,0.552255925
84X208,0.62932049
14K923,0.508443159
23K184,0.545507412
22K109,0.505029137
08X375,0.630452675
02M489,0.594854432
05M670,0.501647986
11X121,0.630687831
84X730,0.621314748
01M301,0.575625133
04M171,0.565197831
17K092,0.494798149
26Q495,0.586098477
11X417,0.499234256
31R049,0.593387273
12X383,0.529927433
31R045,0.52249223
31R041,0.537410231
21K337,0.633011272
29Q498,0.590477792
05M685,0.583944793
04M013,0.633333333
24Q013,0.552521767
84K357,0.564574092
31R044,0.552645267
16K021,0.545432183
19K166,0.534917308
29Q259,0.582148238
21K728,0.532154019
10X094,0.543373778
12X384,0.557963997
01M292,0.635714286
20K179,0.53992699
30Q166,0.486148843
19K639,0.636111111
10X207,0.502237093
10X008,0.518004958
06M132,0.614201117
20K229,0.526547979
08X093,0.458600145
11X087,0.515307948
30Q145,0.605343668
84X494,0.503642779
17K006,0.454696193
09X022,0.560872395
09X117,0.626108475
06M153,0.50868014
08X048,0.640156467
08X312,0.600610921
22K217,0.573121486
07X369,0.58060486
02M519,0.559694073
27Q650,0.574183137
09X517,0.609232342
32K556,0.596512699
13K307,0.527555266
23K137,0.543305141
28Q190,0.590992088
10X243,0.594866234
27Q123,0.608810347
84K680,0.49737435
12X134,0.612434402
04M037,0.645555556
10X397,0.559395651
19K292,0.605810139
23K165,0.525503642
25Q120,0.623571943
02M418,0.646746032
27Q480,0.589722531
18K235,0.46542601
28Q117,0.572374433
09X058,0.641421519
30Q234,0.491843344
84X177,0.551326026
10X307,0.570093649
12X691,0.612756519
01M509,0.623260997
84M709,0.567426584
24Q520,0.548439512
75K371,0.533052
15K442,0.628129138
31R031,0.564632558
03M415,0.615512107
21K288,0.534871936
11X142,0.591406811
16K309,0.63034346
07X203,0.487329547
75X723,0.520316748
84K979,0.534878429
84X258,0.640936389
09X128,0.540178051
10X396,0.634549116
75K753,0.544616355
18K567,0.601024285
08X332,0.597588851
06M187,0.60849218
05M304,0.629348688
07X527,0.583695994
25Q201,0.615915332
02M473,0.550007939
16K959,0.506188863
26Q266,0.47701248
24Q307,0.562125928
75Q255,0.551130479
13K009,0.511262354
03M191,0.621026372
25Q237,0.624668506
26Q435,0.642429353
15K497,0.589813937
04M375,0.635920269
17K246,0.63294461
14K488,0.544864443
23K363,0.640598963
24Q089,0.640653248
27Q314,0.660846561
09X241,0.654550459
27Q090,0.534070398
84K360,0.628246386
06M552,0.510576631
07X001,0.574145085
13K596,0.593615023
06M189,0.590408349
01M142,0.626997471
24Q305,0.556770162
24Q093,0.655046019
02M411,0.580110449
75M226,0.638190335
26Q188,0.54168732
11X289,0.565360541
02M439,0.642330319
84M341,0.597163588
25Q185,0.551551066
31R056,0.616180659
75R037,0.609011258
75X721,0.559778779
21K153,0.575774731
25Q194,0.583464338
10X442,0.659807841
20K030,0.59961974
75K373,0.618534934
31R038,0.516958839
07X522,0.525718978
26Q133,0.513183319
15K130,0.608430832
11X355,0.554676152
05M092,0.586001195
06M115,0.647959616
23K697,0.63744684
08X069,0.619546095
17K705,0.570649668
27Q137,0.563129757
18K066,0.594056734
26Q213,0.526652271
32K151,0.594308107
22K052,0.673033621
84K774,0.591220309
16K681,0.657040755
21K344,0.625209227
07X030,0.560657811
20K247,0.625529802
84X380,0.56090567
17K751,0.62577039
20K682,0.618526936
11X016,0.674853801
75K771,0.588610776
27Q155,0.596320947
10X477,0.640430463
27Q334,0.481087365
26Q158,0.538072159
07X161,0.676721497
29Q181,0.566800866
13K605,0.616907997
18K581,0.677089947
04M155,0.656613937
84K651,0.66702548
12X318,0.677333333
20K490,0.632015682
17K548,0.653903838
29Q238,0.614322422
84M433,0.671481713
12X190,0.678306878
13K056,0.535640221
01M063,0.625808482
08X269,0.584399847
19K364,0.622362426
20K192,0.607551635
32K162,0.618849731
21K540,0.662053897
14K318,0.573144377
21K090,0.615616107
15K015,0.592931485
84X133,0.511225759
31R014,0.48484586
15K418,0.605207635
25Q525,0.605701899
84M329,0.681481481
10X386,0.681543005
17K122,0.574850788
20K223,0.586718215
10X437,0.66148806
02M059,0.60667893
11X089,0.647376626
02M615,0.606781742
04M224,0.682828283
84X394,0.665890789
10X254,0.645053875
08X650,0.56858931
15K463,0.56454224
84Q304,0.68401084
02M040,0.580887533
84X493,0.548344502
04M038,0.670360884
02M400,0.673891051
07X296,0.684444444
23K644,0.597052334
21K410,0.612443684
16K262,0.569953434
13K691,0.685463329
11X083,0.67518877
10X003,0.570409119
03M199,0.632880359
11X532,0.686666667
31R007,0.566969127
30Q501,0.65870106
13K256,0.687037037
11X462,0.630141956
75K811,0.591769298
09X073,0.677413073
14K017,0.630529736
28Q140,0.649202243
17K316,0.634521756
11X253,0.572431129
13K266,0.572492111
84K740,0.596865505
25Q250,0.664725371
17K537,0.628254826
09X263,0.646936386
30Q122,0.658022633
30Q502,0.658152894
21K525,0.585953052
29Q270,0.644035424
02M006,0.636870439
29Q036,0.648184254
15K094,0.680755327
20K220,0.655919855
05M200,0.607019903
27Q223,0.599223967
84X345,0.671197187
84K037,0.550694991
01M458,0.630973703
06M209,0.692592593
84M518,0.682129838
30Q092,0.631420965
25Q214,0.572621557
84M384,0.551726079
06M462,0.639565398
04M495,0.693682796
28Q287,0.665389971
20K503,0.640222183
13K419,0.65519864
29Q109,0.640445774
84M335,0.689202998
02M288,0.636884216
10X268,0.666682932
01M696,0.641036353
10X046,0.659714457
06M467,0.562188723
84K784,0.54092014
04M096,0.623073447
24Q088,0.583303269
24Q293,0.664642267
09X505,0.690154908
18K576,0.697210197
21K348,0.646686664
84M351,0.54171106
02M217,0.616380034
20K102,0.604911602
12X511,0.670036549
26Q216,0.63335475
24Q610,0.55669888
12X278,0.700653595
03M075,0.664792247
84X233,0.544496472
26Q094,0.6271046
17K398,0.62324617
28Q896,0.595371201
24Q290,0.687257418
24Q299,0.631452035
27Q063,0.635704528
09X215,0.608400019
27Q105,0.604549748
19K431,0.550044464
84K702,0.670178728
84K757,0.702578669
84M186,0.612765672
75M721,0.64813261
08X140,0.688757424
27Q124,0.659500405
04M435,0.621109989
14K034,0.692559958
13K313,0.636977541
84X703,0.703327539
27Q333,0.640984615
84Q342,0.678736032
25Q281,0.689634618
75Q811,0.601909529
04M072,0.668139282
84X539,0.602251433
02M183,0.63450459
10X054,0.683643162
31R061,0.687360944
02M276,0.582378472
23K493,0.705394525
02M412,0.607395628
07X005,0.615657126
05M175,0.647256923
30Q112,0.706211475
24Q005,0.677931389
02M397,0.616508675
03M402,0.608443788
31R019,0.663452083
15K529,0.640594266
31R051,0.621503695
11X021,0.653098468
02M300,0.683541845
20K971,0.657517869
84K758,0.709150327
07X025,0.598127025
10X280,0.631637197
27Q309,0.689234688
84K379,0.711111111
32K564,0.711111111
10X244,0.616160481
24Q049,0.628282473
28Q690,0.644243931
30Q555,0.682306665
29Q037,0.644438727
30Q450,0.640743402
11X567,0.675588893
20K609,0.648971649
05M469,0.562395609
31R032,0.672436516
09X011,0.6014375
17K189,0.601767337
17K394,0.669646086
75Q177,0.610767244
84X538,0.568253132
10X205,0.703649141
02M298,0.714461538
17K547,0.693136164
17K191,0.715277778
02M575,0.643976361
06M528,0.640303846
09X457,0.715802469
02M047,0.697781726
09X276,0.664207731
01M064,0.560868004
16K385,0.716239316
14K380,0.709261833
30Q011,0.582998796
21K209,0.633531562
17K161,0.588136248
18K633,0.6538217
84K356,0.717625661
19K507,0.638543862
02M420,0.685203619
02M399,0.67004108
84K792,0.718371212
24Q071,0.580260849
21K128,0.658928612
22K315,0.674579938
31R861,0.697190387
08X125,0.719458128
11X299,0.71954023
24Q073,0.619605227
07X018,0.679303099
31R460,0.683173722
75Q256,0.667856403
84X407,0.611669607
08X408,0.527592656
31R047,0.636898198
84X704,0.721504113
20K485,0.661443746
27Q053,0.721770692
32K377,0.673814441
11X194,0.662229705
84K734,0.700479325
31R055,0.696809057
20K187,0.626318073
30Q228,0.61801115
22K206,0.647008872
75Q993,0.647257548
27Q324,0.697908648
75Q224,0.667502994
03M541,0.67975088
32K349,0.644330556
28Q686,0.691659013
10X206,0.628420495
02M500,0.725277778
17K289,0.680445554
12X242,0.725514403
23K647,0.612187044
23K634,0.725925926
24Q119,0.645826928
75K053,0.693016159
11X542,0.673764677
84Q359,0.700796728
84K701,0.726748971
08X036,0.685719305
08X130,0.701233915
13K044,0.7088929
02M580,0.682401282
10X023,0.701745914
21K226,0.617983172
19K346,0.63477996
19K409,0.694468555
75Q721,0.68693268
27Q146,0.728598291
21K188,0.721626265
08X519,0.69922514
84K726,0.6839323
04M680,0.632392811
08X138,0.580548508
29Q136,0.729891943
18K268,0.607007506
30Q141,0.715316366
19K404,0.692648372
11X513,0.693634228
30Q126,0.590660528
31R600,0.731782946
03M145,0.70576707
84K693,0.731974809
75K036,0.655252843
25Q193,0.60935689
07X224,0.70684315
29Q116,0.732956685
23K646,0.691558482
11X181,0.647772277
84K473,0.733235867
29Q251,0.733333333
19K764,0.733333333
84X422,0.647949264
26Q031,0.601259741
25Q025,0.718763688
31R021,0.7225721
20K048,0.733850129
84X395,0.672684072
13K054,0.640134898
11X249,0.676789994
03M054,0.680829197
02M392,0.734360812
31R048,0.615019119
26Q178,0.661223918
13K270,0.734640523
84X482,0.734690564
10X051,0.649188173
18K922,0.624064614
18K598,0.681666335
31R002,0.681762191
84X362,0.589450728
26Q162,0.662150002
20K176,0.589640269
84X364,0.735802469
10X503,0.624954863
08X100,0.633621403
27Q197,0.702377131
84X717,0.629606209
05M692,0.69095979
09X070,0.663173885
84R071,0.66338478
03M185,0.737037037
25Q130,0.617701791
84K517,0.676351099
27Q253,0.700286657
09X230,0.656466646
84M888,0.739101186
27Q042,0.73919559
19K660,0.693520067
28Q220,0.669714463
24Q199,0.728335759
23K284,0.678375044
29Q289,0.74017094
14K474,0.682519232
23K514,0.740350877
10X310,0.733055808
28Q303,0.740740741
23K631,0.740740741
31R024,0.650614455
06M328,0.741333333
16K308,0.714956584
02M419,0.741711367
10X438,0.73078552
27Q062,0.700229238
16K669,0.576683456
30Q078,0.608754465
06M210,0.724115208
15K118,0.664759895
18K114,0.664860783
23K178,0.693352806
12X300,0.665638361
30Q111,0.744107744
14K084,0.690287353
06M052,0.714333926
05M161,0.71046766
32K045,0.6831177
26Q203,0.667547126
31R011,0.684287487
29Q356,0.667947769
12X271,0.659851952
04M409,0.696751402
21K238,0.701133338
30Q230,0.643382281
21K199,0.664823515
13K657,0.635120592
11X180,0.673341482
84K707,0.698298446
22K203,0.648707562
24Q877,0.7298454
32K075,0.71059062
14K297,0.749011858
15K038,0.710635667
12X150,0.68668977
26Q098,0.698919099
18K208,0.726559254
01M361,0.649473773
29Q059,0.749611993
31R059,0.63220693
29Q132,0.678985869
10X391,0.695582666
24Q239,0.715881785
04M206,0.750552644
14K196,0.637495763
20K180,0.641903871
22K312,0.732226365
06M423,0.751322751
84K733,0.724655361
11X270,0.664055078
18K566,0.721017591
15K058,0.728957441
14K132,0.744800257
84K692,0.705915002
84K736,0.625867348
02M131,0.733582738
24Q153,0.718160886
01M315,0.752888889
12X212,0.635133814
10X331,0.71895803
22K255,0.727044173
02M167,0.727233096
22K381,0.712047601
14K614,0.743554053
17K091,0.720482811
19K501,0.679985692
03M505,0.716724443
75Q233,0.69248777
02M408,0.70886575
17K546,0.69676718
02M425,0.748311008
04M012,0.756444444
23K323,0.745104584
07X179,0.698341541
02M003,0.669281567
29Q015,0.694412845
14K031,0.698551115
12X428,0.677982544
31R445,0.723198366
32K384,0.758630385
07X031,0.72775298
31R607,0.661857359
05M154,0.744276868
28Q139,0.759639724
23K298,0.658516635
08X072,0.752737843
23K668,0.713375199
06M540,0.725716624
09X250,0.737609725
16K393,0.761111111
17K528,0.761273554
10X342,0.706180804
28Q157,0.702346013
02M042,0.726787595
84M999,0.762071793
15K448,0.719487079
14K477,0.743966861
03M862,0.64379739
31R063,0.724309246
04M964,0.652892844
26Q430,0.728515954
15K032,0.741951418
09X414,0.685446961
19K452,0.664186922
18K578,0.715415158
24Q550,0.673552446
28Q160,0.647246932
84K593,0.742896358
84X346,0.76769401
02M104,0.763888921
75R025,0.642978179
32K549,0.732674685
07X343,0.768115942
13K499,0.756675224
14K019,0.720825592
06M143,0.768558841
06M018,0.768888889
15K107,0.709052818
01M140,0.721524067
06M349,0.737876588
25Q022,0.709333793
08X349,0.769444444
14K685,0.696881629
28Q086,0.742098341
21K177,0.730435742
24Q019,0.726560033
02M316,0.722688191
06M128,0.685050331
07X277,0.743100605
20K658,0.714847687
02M442,0.6813998
10X015,0.771428571
84X553,0.71551809
25Q189,0.723982924
11X275,0.724317964
13K133,0.660203412
07X029,0.740869299
21K239,0.744949783
19K677,0.678118903
10X264,0.77254902
26Q205,0.71235203
75K368,0.708277526
19K158,0.708337855
05M367,0.704244668
28Q338,0.772910053
07X259,0.773015873
20K105,0.761363567
15K592,0.773121693
02M305,0.753615375
25Q252,0.773292904
02M560,0.638518482
15K423,0.757762159
84K797,0.773476703
07X381,0.773569024
03M258,0.75830519
15K051,0.762555058
10X037,0.738642776
13K301,0.774579125
84K536,0.718682322
21K228,0.693471208
02M308,0.759654338
19K174,0.653939043
02M507,0.752007479
02M376,0.735976488
16K026,0.776140351
02M429,0.719956582
23K073,0.659469135
10X228,0.757115395
19K504,0.732844743
16K628,0.681924284
13K003,0.753355162
02M116,0.733310134
31R027,0.777294786
30Q227,0.673511475
08X561,0.761857243
84K406,0.741872967
17K745,0.777777778
08X562,0.721393247
17K543,0.683005735
02M432,0.750625392
02M126,0.709267457
03M180,0.762787358
10X225,0.759501652
28Q284,0.779347443
15K136,0.763735509
27Q232,0.71459373
03M404,0.751960798
15K821,0.7600043
11X169,0.764051559
24Q600,0.723453796
20K227,0.772271261
30Q280,0.761130433
20K505,0.736831355
21K097,0.753245001
84M382,0.781445686
06M278,0.721282229
21K620,0.708645383
03M208,0.783703704
04M377,0.75984089
19K618,0.783817664
31R034,0.784036937
29Q272,0.710110858
84M174,0.647355234
30Q069,0.784411277
18K637,0.736657679
29Q138,0.724074937
13K412,0.740963786
84X491,0.785518519
84K538,0.747260109
21K101,0.716546934
27Q096,0.786419753
10X315,0.746352619
11X508,0.786784512
84K358,0.767904973
30Q212,0.758925933
14K449,0.771553417
08X305,0.734564784
31R065,0.659538167
84K888,0.787543012
84K738,0.767615455
08X101,0.775675873
24Q455,0.704610725
20K201,0.709023406
02M343,0.717686464
84K508,0.708863807
11X509,0.739063535
13K616,0.739079057
05M318,0.787936508
32K347,0.788095238
84X256,0.700766735
31R058,0.752076382
17K002,0.705590558
16K335,0.727204825
24Q102,0.781315824
12X531,0.769938997
24Q457,0.684818756
14K059,0.758166645
08X371,0.790716691
14K023,0.720772174
09X449,0.73370366
32K299,0.750698419
01M448,0.725363407
02M600,0.74273229
28Q167,0.725731167
08X452,0.775852138
09X236,0.755446297
84M702,0.663374145
25Q425,0.73908969
84X718,0.768359493
84K785,0.704630802
01M378,0.792592593
01M134,0.764678951
13K492,0.781005776
11X498,0.785208426
03M492,0.773238443
19K171,0.714178368
09X365,0.793518519
25Q200,0.773743355
15K443,0.692433036
03M421,0.706128803
29Q156,0.750307729
25Q129,0.693673792
75X010,0.750452747
09X413,0.795538721
22K234,0.783660914
19K510,0.795873016
02M303,0.796019014
84K417,0.796366843
12X129,0.759861167
05M030,0.759874813
05M148,0.760382433
07X427,0.781103674
05M046,0.773317776
28Q620,0.797790648
08X537,0.695984777
17K167,0.691447919
03M307,0.782016587
24Q016,0.794164431
09X260,0.769845701
09X404,0.770201086
09X297,0.774854928
22K078,0.799234197
07X670,0.78734596
04M083,0.799551971
06M008,0.779448855
32K106,0.762931451
12X316,0.800031656
21K225,0.750717082
19K683,0.784322234
17K408,0.78035663
31R042,0.772194223
11X529,0.764644471
84K703,0.764814559
14K454,0.721851274
09X064,0.722365245
07X151,0.802564103
27Q273,0.748658726
10X344,0.782288377
30Q151,0.713740473
84X488,0.774602391
24Q264,0.803418803
84M478,0.783126124
22K240,0.783262436
02M437,0.791534622
29Q052,0.75406334
11X041,0.710361946
31R060,0.804104432
11X566,0.792049862
84M481,0.804311774
08X366,0.692654453
84M330,0.792703448
84K989,0.792023452
22K222,0.750967612
31R039,0.805228758
84K737,0.738311252
12X098,0.755795878
02M267,0.785337777
01M363,0.725432403
16K025,0.806060606
12X286,0.806302794
29Q033,0.743602169
25Q294,0.790224473
08X335,0.703624031
20K160,0.735103658
09X328,0.806837607
10X374,0.806912581
22K254,0.74854132
12X463,0.765857898
02M534,0.70407224
27Q108,0.803296011
07X065,0.807588076
84K652,0.807729469
26Q173,0.807842713
22K134,0.704680523
25Q285,0.787783999
24Q744,0.754086248
02M135,0.808496732
22K194,0.77599727
22K611,0.809259259
02M296,0.768371249
12X479,0.809961686
07X221,0.768598281
05M125,0.742789555
22K207,0.760350609
22K197,0.781764128
11X468,0.810727969
24Q560,0.78652592
08X107,0.812065527
24Q028,0.783795925
21K100,0.745013362
16K534,0.812962963
07X043,0.784394612
29Q208,0.771777214
05M197,0.718765287
18K673,0.813888889
28Q505,0.776953216
07X495,0.794016838
02M542,0.802407464
32K552,0.814803419
09X053,0.768811839
24Q125,0.79428613
09X204,0.794876293
10X209,0.756497845
13K527,0.807714203
04M381,0.816049383
84M320,0.796194981
29Q038,0.817094017
22K278,0.779494119
31R020,0.797283644
14K071,0.789103586
29Q131,0.818271605
16K028,0.818357488
19K557,0.690159232
10X439,0.776466887
04M825,0.818518519
21K212,0.802721241
84K781,0.790115257
84M388,0.794396341
84K129,0.728466128
84K711,0.768709894
11X160,0.786150662
14K561,0.811855577
84X165,0.820138889
25Q021,0.803635989
07X334,0.820311581
13K483,0.76524137
15K698,0.820512821
30Q084,0.820689655
10X363,0.765981871
28Q350,0.75771744
08X392,0.749050654
24Q311,0.730915524
06M366,0.797230029
13K595,0.717851464
11X103,0.80317554
02M151,0.815829341
27Q207,0.773223873
31R052,0.790764972
84K756,0.695427623
08X558,0.756084174
26Q074,0.812474577
08X377,0.825396825
75Q004,0.7830849
20K264,0.813363924
12X047,0.792165264
11X153,0.774836898
08X131,0.801261836
27Q065,0.766467051
14K157,0.78840935
28Q054,0.784242903
11X556,0.814253908
27Q066,0.806888825
84K999,0.8280118
84K333,0.815519482
24Q113,0.820017376
19K583,0.79456484
25Q029,0.79513051
11X290,0.82905091
28Q144,0.81248304
02M051,0.782461197
27Q308,0.774026028
11X144,0.813066916
18K642,0.813485723
84Q298,0.756538355
19K328,0.800714409
16K636,0.830555556
08X075,0.830917874
08X301,0.831154684
15K154,0.831231231
06M319,0.806203815
03M334,0.819055054
31R028,0.831746032
01M650,0.832323232
84K486,0.819828829
31R057,0.802935446
11X078,0.832856087
31R001,0.799056532
12X214,0.812563857
15K131,0.764320331
20K204,0.817183463
17K138,0.773678201
24Q077,0.813352951
02M150,0.834567901
13K067,0.791803778
10X077,0.774112608
17K467,0.834914361
11X096,0.80553156
84K746,0.805772634
17K334,0.835555556
17K375,0.806012948
09X063,0.835933806
09X324,0.836938008
32K562,0.811979401
27Q318,0.837908497
09X361,0.838208169
84X378,0.726524629
14K018,0.786761577
14K414,0.838846801
12X341,0.838888889
84K689,0.804787312
02M041,0.804908527
24Q012,0.818368819
11X287,0.839766082
26Q159,0.796802751
09X327,0.801333881
14K586,0.823190751
23K156,0.792847329
29Q283,0.801758097
84K744,0.832198392
32K291,0.756736523
10X433,0.801959052
25Q467,0.762060212
20K062,0.837215825
27Q047,0.780651571
20K069,0.789710129
18K115,0.812194573
09X227,0.790446651
19K108,0.830074389
31R023,0.808431686
84M080,0.842857143
84K759,0.843209877
84M265,0.782076729
19K302,0.843760684
14K120,0.805314545
02M282,0.844444444
10X086,0.827509974
25Q079,0.806127542
04M555,0.832515383
84M708,0.824423763
13K575,0.770780093
84X706,0.837753375
08X071,0.789454758
08X295,0.846419753
18K588,0.846779388
19K654,0.812221836
15K464,0.781146723
19K760,0.847222222
08X293,0.799405293
07X321,0.847407407
31R046,0.800229422
84M704,0.754140877
08X146,0.848417766
75Q277,0.83574067
04M610,0.848888889
17K221,0.759619724
75X469,0.849353345
17K770,0.828029377
31R605,0.801580138
19K065,0.828473156
84X185,0.850063857
07X162,0.811241958
32K168,0.850701754
25Q670,0.842375828
02M077,0.850980392
02M290,0.807408263
25Q244,0.851340996
15K321,0.785232707
20K127,0.852063492
09X311,0.803962243
06M324,0.817396849
28Q048,0.852222222
02M313,0.852287582
27Q104,0.786035491
30Q329,0.852525253
22K236,0.839698668
14K016,0.852631579
24Q530,0.782022325
22K555,0.853564815
03M247,0.85380117
32K274,0.854131054
16K081,0.854435107
10X696,0.837484627
24Q267,0.855444444
84X705,0.784150098
01M332,0.855555556
22K195,0.855555556
10X081,0.855614657
84M336,0.842030199
84K182,0.816695535
10X032,0.821514992
21K216,0.835129387
27Q262,0.856827887
18K233,0.844071173
31R030,0.785800211
20K506,0.791025777
31R080,0.814415188
07X298,0.858486829
31R470,0.858730159
21K215,0.805798331
31R035,0.819510449
31R029,0.850507693
28Q099,0.824234101
84X398,0.842054817
02M280,0.810943102
29Q355,0.82000523
29Q195,0.850952416
84R073,0.846655322
07X456,0.842669067
13K351,0.860493827
17K249,0.798191367
15K230,0.811997272
22K014,0.852176954
17K340,0.861269841
14K110,0.8489501
15K447,0.862139918
02M089,0.86255144
14K147,0.785949701
29Q265,0.862867384
02M255,0.845584631
12X536,0.818758351
11X106,0.863403509
24Q343,0.863580247
19K273,0.863799283
04M112,0.855135085
29Q095,0.863882223
01M015,0.863888889
27Q254,0.855273022
15K684,0.864102564
27Q064,0.842226988
84X255,0.855453635
11X370,0.842906004
21K411,0.834334391
14K577,0.838933074
30Q222,0.865555556
03M076,0.825878655
03M256,0.865820106
03M452,0.866783626
02M546,0.836385782
23K446,0.867489712
32K145,0.867572016
84X202,0.867801262
84R067,0.868018141
02M011,0.868459462
08X062,0.868463874
28Q055,0.868735402
84M350,0.847089522
84M168,0.869281046
26Q046,0.77803302
84M430,0.856698075
26Q191,0.852366064
03M243,0.87008547
30Q149,0.870333022
08X304,0.87037037
01M515,0.857369805
84M705,0.853144079
10X549,0.784030326
10X159,0.871023965
23K643,0.844702845
28Q206,0.840312217
84X472,0.871851852
84M523,0.871993046
28Q217,0.831984964
84X419,0.872576832
13K020,0.841560186
21K096,0.864283261
09X274,0.873809524
24Q081,0.874158634
84X389,0.874303628
01M450,0.848228768
07X548,0.811579946
12X057,0.87567368
10X447,0.867180786
02M896,0.876131687
16K765,0.876190476
16K688,0.845757177
32K123,0.855769827
05M410,0.81952963
11X175,0.842889251
02M289,0.878888889
11X112,0.879047619
07X379,0.879087302
02M427,0.879111111
10X059,0.879232804
11X189,0.879259259
31R004,0.870980722
10X319,0.88
19K663,0.88
20K164,0.880193237
13K046,0.854082406
12X388,0.881890166
27Q323,0.873068401
02M139,0.882352941
21K121,0.851495855
03M417,0.833029763
84K712,0.865272306
28Q325,0.857173276
02M281,0.884444444
28Q101,0.871461347
10X340,0.876194909
06M314,0.858142521
27Q317,0.8718035
05M517,0.885185185
24Q211,0.885185185
25Q163,0.849268928
16K040,0.88589694
02M565,0.886975987
06M178,0.887356322
24Q229,0.879254882
31R072,0.888457285
02M570,0.888888889
19K311,0.888888889
23K392,0.889251997
09X042,0.880344157
08X014,0.848352209
31R008,0.862222732
06M346,0.889316239
22K198,0.890909091
84Q337,0.854784491
03M859,0.860065099
12X050,0.892307692
21K572,0.893800322
16K627,0.894949495
28Q040,0.895536763
18K563,0.895555556
12X273,0.895652174
03M009,0.895767196
10X279,0.886930523
27Q319,0.864039522
27Q051,0.868740666
07X154,0.873401767
14K632,0.896092796
10X667,0.896296296
05M369,0.859709864
10X565,0.878224724
84K724,0.836109664
20K104,0.896507937
29Q176,0.875343706
32K376,0.852042045
05M157,0.866556656
84X487,0.889657882
29Q313,0.9
75M751,0.900854701
20K686,0.859474825
17K354,0.86426351
13K439,0.902222222
28Q161,0.902222222
31R075,0.902515153
25Q792,0.902564103
20K185,0.903359173
10X353,0.904444444
27Q202,0.904759875
01M364,0.90479066
21K095,0.886768695
17K568,0.905185185
14K319,0.905555556
10X382,0.905555556
30Q291,0.905608466
19K662,0.905777778
31R440,0.906234933
20K112,0.906555685
28Q196,0.906602254
84K752,0.906899056
27Q297,0.907915759
14K558,0.907969103
19K422,0.889814945
30Q002,0.908994709
02M212,0.909178744
28Q328,0.895599625
84M337,0.909401709
02M449,0.90959596
03M250,0.909722222
19K678,0.91005291
17K353,0.910409357
02M294,0.91042735
19K159,0.888040889
08X507,0.911111111
23K671,0.836688486
14K582,0.912888889
09X303,0.913485663
01M019,0.904498137
32K086,0.913691756
84K796,0.913768918
02M933,0.915555556
31R069,0.915640512
21K098,0.878691411
84X496,0.897941952
01M188,0.840189275
84K775,0.907795868
15K295,0.917615176
31R050,0.917631015
75R721,0.917689298
84K367,0.917813765
06M513,0.875653174
02M586,0.871154099
16K267,0.919974676
22K277,0.920499109
27Q362,0.922030651
25Q209,0.908328234
14K257,0.860667544
02M605,0.923076923
30Q010,0.92345679
20K310,0.90964552
84M100,0.923809524
09X294,0.924074074
22K245,0.924242424
15K172,0.924861678
06M028,0.925502137
02M130,0.926890332
07X557,0.904714633
84X471,0.928395062
84X387,0.928395062
23K155,0.914947027
11X019,0.930246914
31R053,0.930632156
20K259,0.931702249
02M407,0.931752306
20K170,0.932571873
08X348,0.932967033
84K362,0.934200868
15K146,0.924831879
17K532,0.93456486
30Q301,0.934680135
02M114,0.934767025
13K553,0.934887335
12X267,0.935185185
09X170,0.935185185
20K748,0.935418752
21K468,0.935435435
28Q121,0.935929689
28Q332,0.936111111
21K559,0.936528686
84K789,0.936565657
12X682,0.938245197
23K522,0.895988461
27Q056,0.939594356
10X351,0.939869281
22K630,0.940740741
30Q258,0.91215722
25Q184,0.893377418
26Q018,0.927523972
10X056,0.942635659
27Q302,0.943390426
15K516,0.944444444
25Q032,0.945419103
09X568,0.946031746
02M531,0.947619048
09X555,0.948148148
24Q236,0.948148148
84K772,0.948611111
25Q241,0.94962963
03M283,0.95026455
08X337,0.950793651
10X007,0.951862587
21K253,0.937593681
16K057,0.952592593
29Q243,0.952592593
10X291,0.943977566
11X357,0.953846154
09X329,0.954666667
23K664,0.955555556
04M406,0.956203704
26Q221,0.956666667
22K119,0.94269741
84K741,0.96
06M211,0.960846561
07X359,0.961290323
17K484,0.962222222
02M340,0.962962963
27Q487,0.965070806
25Q263,0.965185185
32K554,0.970740741
16K584,0.971111111
18K763,0.971428571
23K599,0.972649573
30Q235,0.972649573
31R026,0.972839506
09X454,0.973034547
21K099,0.973931624
18K635,0.974358974
02M527,0.974603175
25Q169,0.977701149
17K531,0.977777778
26Q315,0.977777778
16K035,0.980246914
84M065,0.98046595
30Q300,0.980555556
25Q240,0.983333333
31R009,0.984004884
26Q041,0.984511785
31R010,0.986666667
22K326,0.987069526
27Q316,0.987654321
14K330,0.991111111
06M103,0.991111111
27Q261,0.992592593
31R005,0.993650794
02M177,0.995555556
12X458,1
